Folder,Ship-To-SAP,Link,Ship-To,ATTN: ,From:,CreateDate,CONTRACT NO.: ,PO Number header,PO Number,No2 Header,No2,Material Code Header,Material Code, Note Under Material,USER:,COUNTRY: ,SHIPPER:,FEEDER VESSEL : [c_feeder],MOTHER VESSEL : [c_mother],VESSEL COMPANY :[c_shpline],FORWARDER: [c_fwd],ETD: [c_etd],ETA: [c_eta],PORT of LOADING : ,PORT of DESTINATION: ,DESTINATION: ,BOOKIN NO.,CONSIGNEE,B/L ,FREE TIME :,COURIER ADDRESS,EORI?No,NOTIFY PARTY:,ALSO NOTIFY1,ALSO NOTIFY2,DELIVER TO,REQUIREMENTS:,Note,Note2,Note3,GRADE,QUANTITY(MT),Unit,DESCRIPTION,Under Description,INVOICE NO.,Shipping Mark,Below Signature
BRIDGESTONE,BRIDGESTONE POZNAN SP/ZO.O.,5500070292 BS POLAND .xls,BRIDGESTONE POZNAN SP/ZO.O,MR.T. Fujioka /SEVP,D.KAWAMORI/UEDA,formula,5500070292,BS POLAND PO No.: ,5500070292,,,,,,BRIDGESTONE POZNAN SP/ZO.O,GDYNIA POLAND,TSL ,ITHACA V.111S,ONE SATISFACTION V.001W,OCEAN NETWORK EXPRESS PTE LTD. C/O,DIRECT,11/02/2026,03/04/2026,,"GDYNIA, POLAND","GDYNIA, POLAND",,BRIDGESTONE POZNAN SP/ZO.O.,,,No need original courier.,PL782205233400000,SAME AS CONSIGNEE,,,,* FULL SET OF surrendered B/L.,*Please send all original docs and COMMERCIAL IV (between UBE and TSL) by PDF copies by E-mail to UBE Tokyo.,,,UBEPOL VCR412,18.9,MTS,POLYBUTADIENE RUBBER ,,,,UBE Elastomer Co. Ltd.
,,,,THAI SYNTHETIC RUBBERS,UBE Elastomer Co. Ltd.,,,,,,,,,,,,,,,,,,,,,,,,,,,,,,,,"* Pls mark BSEU code ""HB12-B"" and ""5500070292""on all document",*NO need original courier to BS and UBE Tokyo.                      ? Changed !!,,,,,,HB12-B / UBEPOL VCR412,,,SHIPPING MARK,
,,,,"CO., LTD.",TEL:81-3-5419-6167,,,,,,,,,,,,,,,,,,,,,,,,,,,,,,,,* Certificate of Origin issued by manufacturer,,,,,,,,,,,
,,,,,FAX:81-3-5419-6250,,,,,,,,,,,,,,,,,,,,,,,,,,,,,,,,* Certificate of Analysis marked BS material code and PO number,,,,,,,,,,BRIDGESTONE POZNAN SP/ZO.O,
,,,,,,,,,,,,,,,,,,,,,,,,,,,,,,,,,,,,,  issued by manufacturer,,,,,,,,,,GDYNIA,
,,,,,,,,,,,,,,,,,,,,,,,,,,,,,,,,,,,,,"* Declaration of non coniferous wood packing materials"" issued by manufacturer",,,,,,,,,,ORDER:5500070292,
,,,,,,,,,,,,,,,,,,,,,,,,,,,,,,,,,,,,,* General Insurance policy is accepted.,,,,,,,,,,HB12-B/UBEPOL VCR412,
,,,,,,,,,,,,,,,,,,,,,,,,,,,,,,,,,,,,,( TSL don’t need to send the insurance policy together with shipping documents),,,,,,,,,,C/NO.1-15,
,,,,,,,,,,,,,,,,,,,,,,,,,,,,,,,,,,,,,,,,,,,,,,,MADE IN THAILAND,
,,,,,,,,,,,,,,,,,,,,,,,,,,,,,,,,,,,,,,,,,,,,,,,,
,,,,,,,,,,,,,,,,,,,,,,,,,,,,,,,,,,,,,,,,,,,,,,,,
BRIDGESTONE,BRIDGESTONE DO BRASIL,4900001722 BS BRASIL Doc xls.xls,BRIDGESTONE BRASIL,MR.T. Fujioka/SEVP,KAWAMORI/UEDA,formula,4900001722,BS BRASIL PO No.,4900001722,,,,,,BRIDGESTONE BRASIL,"SANTOS, BRAZIL",TSL ,ONE GRUS V.023E,EVER LOTUS V.1571-060W,YANGMING,MERCURIAL,28/12/2023,01/02/2024,,"SANTOS, BRAZIL","SANTOS, BRAZIL",,BRIDGESTONE DO BRASIL INDUSTRIA E COMERCIO LTDA.,,,,,BRIDGESTONE DO BRASIL IND. E COM. LTDA.,,,,* FULL SET OF CLEAN OCEAN B/L 3 ORIGIANAL +4 COPIES(issued at destination),*PLASE SEND ALL ORIGINAL DOCS EXCEPT COMMERCIAL CIF I/V(TSL-UBE) TO BS BRASIL DIRECLTY(PLS REFER ABOVE ADDRESS),,,UBEPOL BR150L,20.16,MTS,SYNTHETIC RUBBER UBE 150 L BRIDGESTONE,NCM:4002,4900001722,SHIPPING MARK,UBE Elastomer Co. Ltd.
,,,,THAI SYNTHETIC RUBBERS,UBE Elastomer Co. Ltd.,,,,,,,,,,,,,,,,,,,,,,,AV.QUEIROS DOS SANTOS 1717,,,,,"Av. Jornalista Roberto Marinho, 85 ",,,,*PLEASE SHOW THE FOLLOWING WORDS ON DESCRIPTION OF  B/L,"*PLASE SEND US ALL DOCS PDF COPIES BY E-MAIL, NO NEED TO SEND  BY COURIER TO US",,,,,,FIRSTONE COMMON CODE:EC050A(AA2646),"""NCM code for empty packages : 7326"" on B/L",,BRIDGESTONE DO BRASIL IND. COM.,
,,,,"CO., LTD.",TEL:81-3-5419-6167,,,,,,,,,,,,,,,,,,,,,,,SANTO ANDRE-09015-901-SAO PAULO-BRAZIL,,,,,Tower Bridge Corporate – 18º. Floor,,,,(CNPJ: 57.497.539/0001-15 (when is for Santos Port) and,,,,,,,,(CNPJ:57497539/0001-15) ,,LTDA,
,,,,FAX:66-2-685-3056,FAX:81-3-5419-6250,,,,,,,,,,,,,,,,,,,,,,,CNPJ:57497539/0001-15   ATTN:Mr.Paulo,,,,,04576-010 – São Paulo - SP – BRAZIL ,,,,(CNPJ: 57.497.539/0007-00 (when is for Salvador Port).,,,,,,,,INVOICE NO.,,SAO PAULO-BRAZIL,
,,,,,,,,,,,,,,,,,,,,,,,,,,,,TEL:(011)4433-1666 FAX(011)4433-1187,,,,,ATT: Dept. COMEX – Thatielen Bastos ,,,,(NCM CODE (HARMONIZED SYSTEM);4002 <=only 4 number ,,,,,,,,,,SHIP:SANTOS,
,,,,,,,,,,,,,,,,,,,,,,,,,,,,E-mail ?ImportacaoLASRM@la-bridgestone.com,,,,,Phone 55-11-4433-1634,,,,(INVOICE NO.4900001722(ITEM10)),,,,,,,,,,ORDER NO.:4900001722,
,,,,,,,,,,,,,,,,,,,,,,,,,,,,E-mail ? impo-bridgestone@nelsonheusi.com. ,,,,,E-mail ?ImportacaoLASRM@la-bridgestone.com,,,,"*""NCM code for empty packages : 7326"" on B/L<=only 4 number ",,,,,,,,,,EC050,
,,,,,,,,,,,,,,,,,,,,,,,,,,,,,,,,,E-mail ? impo-bridgestone@nelsonheusi.com. ,,,,"* Pls mark BSBR code ""EC050A(AA2646)"" and "" PO NO.4900001722 on all document",,,,,,,,,,MADE IN THAILAND,
,,,,,,,,,,,,,,,,,,,,,,,,,,,,,,,,,CNPJ 57.497.539/0024-01,,,,* 2 original (Full set)of Certificate of Origin issued by CHAMBER OF COMMERCE,,,,,,,,,,PRODUCER:THAI SYNTHETIC RUBBER,
,,,,,,,,,,,,,,,,,,,,,,,,,,,,,,,,,,,,,* 3 original of Certificate of Analysis marked BS material code and PO number,,,,,,,,,,ATTN:Dept. COMEX – Thatielen Bastos ,
,,,,,,,,,,,,,,,,,,,,,,,,,,,,,,,,,,,,,  issued by manufacturer,,,,,,,,,,TELL:55-11-4433-1634,
,,,,,,,,,,,,,,,,,,,,,,,,,,,,,,,,,,,,,* two copies of Declaration of non coniferous wood packing materials issued by manufacturer,,,,,,,,,,COM:BRIDGESTONE DO BRASIL ,
,,,,,,,,,,,,,,,,,,,,,,,,,,,,,,,,,,,,,?Please write the manufacturing date on the Packing List.,,,,,,,,,,INDUSTRIA E COMERCIO LTDA.,
,,,,,,,,,,,,,,,,,,,,,,,,,,,,,,,,,,,,,*please try to get 21days free time and pls. show it on BL(if you can),,,,,,,,,,"ADD:Av. Jornalista Roberto Marinho, 85 ",
,,,,,,,,,,,,,,,,,,,,,,,,,,,,,,,,,,,,,All documents must signed by hand in blue ink indicating name and title of person signing ,,,,,,,,,,Tower Bridge Corporate – 18º. FL Cidade Monções,
,,,,,,,,,,,,,,,,,,,,,,,,,,,,,,,,,,,,,,,,,,,,,,,04576-010 – São Paulo - SP – BRAZIL ,
,,,,,,,,,,,,,,,,,,,,,,,,,,,,,,,,,,,,,,,,,,,,,,,"ZIP CODE;04576-010, CNPJ;57.497.539/0024-01",
,,,,,,,,,,,,,,,,,,,,,,,,,,,,,,,,,,,,,,,,,,,,,,,BRIDGESTONE DO BRASIL IND. E COM. LTDA.,
,,,,,,,,,,,,,,,,,,,,,,,,,,,,,,,,,,,,,,,,,,,,,,,"Av. Jornalista Roberto Marinho, 85 ",
,,,,,,,,,,,,,,,,,,,,,,,,,,,,,,,,,,,,,,,,,,,,,,,Tower Bridge Corporate – 18º. Floor,
,,,,,,,,,,,,,,,,,,,,,,,,,,,,,,,,,,,,,,,,,,,,,,,04576-010 – São Paulo - SP – BRAZIL ,
,,,,,,,,,,,,,,,,,,,,,,,,,,,,,,,,,,,,,,,,,,,,,,,ATT: Dept. COMEX – Thatielen Bastos ,
,,,,,,,,,,,,,,,,,,,,,,,,,,,,,,,,,,,,,,,,,,,,,,,Phone 55-11-4433-1634,
,,,,,,,,,,,,,,,,,,,,,,,,,,,,,,,,,,,,,,,,,,,,,,,E-mail ?ImportacaoLASRM@la-bridgestone.com,
,,,,,,,,,,,,,,,,,,,,,,,,,,,,,,,,,,,,,,,,,,,,,,,E-mail ? impo-bridgestone@nelsonheusi.com. ,
,,,,,,,,,,,,,,,,,,,,,,,,,,,,,,,,,,,,,,,,,,,,,,,CNPJ 57.497.539/0024-01,
,,,,,,,,,,,,,,,,,,,,,,,,,,,,,,,,,,,,,,,,,,,,,,,,
BRIDGESTONE,BRIDGESTONE TATABANYA MANUFACTURING LTD.,BS HUNGARY_5500069106.xlsx,BRIDGESTONE HUNGARY,MR.T. Fujioka /SEVP,D.KAWAMORI/UEDA,formula,5500069106,BS TATABANYA PO No.: ,5500069106,,,,,,BRIDGESTONE HUNGARY,HUNGARY,TSL ,PELICAN V.073S,ONE HELSINKI V.063W,OCEAN NETWORK EXPRESS PTE. LTD.,DIRECT,04/10/2025,02/01/2026,,HAMBURG PORT ,HAMBURG PORT,,Bridgestone Tatabanya Manufacturing Ltd.,,,,HU0002515281,SAME AS CONSIGNEE,,,,* SEA WAY BILL is required.,**Please e-mail ALL docs and  CIF COMMERCIAL IV (between UBE and TSL) by PDF copies to UBE Tokyo. ,,,UBEPOL VCR412,20.16,MTS,POLYBUTADIENE RUBBER ,,,,UBE Elastomer Co. Ltd.
,,,,THAI SYNTHETIC RUBBERS,UBE Elastomer Co. Ltd.,,,,,,,,,,,,,,,,,,,,,,,,,,,,,,,,"* Pls mark BSEU code ""HB12"" and ""5500069106""on all document",*NO need original courier to BS and UBE Tokyo if SEA WAY BILL. ,,,,,,HB12/ UBEPOL VCR412,,,SHIPPING MARK,
,,,,"CO., LTD.",TEL:81-3-5419-6167,,,,,,,,,,,,,,,,,,,,,,,,,,,,,,,,* Certificate of Origin issued by CHAMBER OF COMMERCE,,,,,,,,,,,
,,,,,FAX:81-3-5419-6250,,,,,,,,,,,,,,,,,,,,,,,,,,,,,,,,* Certificate of Analysis marked BS material code and PO number,,,,,,,,,,BRIDGESTONE TATABANYA,
,,,,,,,,,,,,,,,,,,,,,,,,,,,,,,,,,,,,,  issued by manufacturer,,,,,,,,,,TERMELO Kft,
,,,,,,,,,,,,,,,,,,,,,,,,,,,,,,,,,,,,,* Declaration of non coniferous wood packing materials issued by manufacturer,,,,,,,,,,ORDER NO:5500069106,
,,,,,,,,,,,,,,,,,,,,,,,,,,,,,,,,,,,,,* General Insurance policy is accepted.,,,,,,,,,,HB12/UBEPOL VCR412,
,,,,,,,,,,,,,,,,,,,,,,,,,,,,,,,,,,,,,( TSL don’t need to send the insurance policy together with shipping documents),,,,,,,,,,C/NO.1-16,
,,,,,,,,,,,,,,,,,,,,,,,,,,,,,,,,,,,,,*MSDS,,,,,,,,,,MADE IN THAILAND,
,,,,,,,,,,,,,,,,,,,,,,,,,,,,,,,,,,,,,,,,,,,,,,,,
,,,,,,,,,,,,,,,,,,,,,,,,,,,,,,,,,,,,,,,,,,,,,,,,
MICHELIN,,,MICHELIN SHENYANG TIRE CO.,,,formula,5910244622,,,,,,,,MICHELIN SHENYANG TIRE CO.,"SHENYANG, CHINA",FULL CONTACT DETAIL OF TSL ,,,,,,,"LAEM CHABANG, THAILAND","DALIAN, CHINA",,,"Michelin Shenyang Tire Co.,Ltd ",,,,,SAME AS CONSIGNEE,,,,"*NO NEED TO DISPATCH THE ORIGINAL DOCS. EXCEPT FORM E, PDF FILES OF ORIGINAL ARE ENOUGH.",*Please send ALL ORIGINAL DOCS.PDF COPIES BY E-MAIL to UEC Matsumoto.,MSC SHENYANG ,"Michelin Shenyang Tire Co., LTD",UBEPOL BR150L,20.16,,POLYBUTADIENE RUBBER ,,,SHIPPING MARK,
,,,,,,,,,,,,,,,,,*WITH TRADE RESISTRATION NO.,,,,,,,,,,,"No.12,Xihesi North Street,Shenyang Economic",,,,,,,,,*PLEASE COURIER ORIGINAL FULL SET OF FORME TO MSC SHENYANG,*don't need to include our third party Invoice in your all DOC. PDF.,Courier address,NO.12 XI HE SI BEI Street SHENYANG ECONOMIC & TECHNOLOGICAL?,,,,UBEPOL BR150L,,,NAME OF SUPPLIER : TSL,
,,,,,,,,,,,,,,,,,,,,,,,,,,,,"andTechnologicalDevelopment Area,Shenyang ,",,,,,,,,,*PDF OF BL AND FORM-E MUST BE SCAN OF THE ORIGINAL WITH COLORED,,*In case original Form-E,"DEVELOPMENT AREA (SEDA)Shenyang, Liaoning Province, CHINA",,,,,,,UBEPOL BR150L,
,,,,,,,,,,,,,,,,,,,,,,,,,,,,"Liaoning,P.R.China .110142",,,,,,,,,"*Please issue P/L,Surrendered B/L,CoA,I/P(No need I/P cert. for each shipment).",,need to be dispatched,ZIP CODE:110142 OR 110141            ATTN:ATTN:Suning. Wang./ + 8624 8603 5105,,,,,,,MICHELIN'S ORDER NUMBER :5910244622,
,,,,,,,,,,,,,,,,,,,,,,,,,,,,( Tel:+ 8624 8603 5105    Fax: 86-24-25176770/25176762),,,,,,,,,"(showing”returnable metal boxes ""  on B/L)",,,,,,,,,,MATERIAL CODE:,
,,,,,,,,,,,,,,,,,,,,,,,,,,,,USCI:912101066046211235 ,,,,,,,,,*please issue PROFORMA I/V and P/L for  box only ,,,,,,,,,,PG CODE: PG02596AD,
,,,,,,,,,,,,,,,,,,,,,,,,,,,,ATTN:SY2 PUR department /Suning. Wang. E-Mail: suning.wang@michelin.com,,,,,,,,,*please issue Full set of FORM-E WITH UBE INVOICE  (H.S.CODE:40022090,,,,,,,,,,MFD CODE:MFD1308561A ,
,,,,,,,,,,,,,,,,,,,,,,,,,,,,,,,,,,,,,(PLEASE INFORM US FORM-E THIRD PARTY INV'S DETAILS),,,,,,,,,,LOT NO. ,
,,,,,,,,,,,,,,,,,,,,,,,,,,,,,,,,,,,,,*Please  issue TSL FOB CUSTOM  I/V for From-E ,,,,,,,,,,DATE OF FABRICATION:,
,,,,,,,,,,,,,,,,,,,,,,,,,,,,,,,,,,,,,,,,,,,,,,,QUANTITY:20.16MTS,
,,,,,,,,,,,,,,,,,,,,,,,,,,,,,,,,,,,,,"*PLEASE SHOW ""PG CODE: PG02596AD"" AND ""MFD CODE:MFD1308561A"" ON ALL DOCS.",,,,,,,,,,MADE IN THAILAND,
,,,,,,,,,,,,,,,,,,,,,,,,,,,,,,,,,,,,,,,,,,,,,,,NO.1-UP,
,,,,,,,,,,,,,,,,,,,,,,,,,,,,,,,,,,,,,,,,,,,,,,,,
MICHELIN,,,"SHANGHAI MICHELIN TIRE CO., LTD.",,,formula,,,5400138582,,,,,,"SHANGHAI MICHELIN TIRE CO., LTD.","SHANGHAI, CHINA",FULL CONTACT DETAIL OF TSL ,,,,,,,"LAEM CHABANG, THAILAND","SHANGHAI, CHINA",,,"Shanghai Michelin Tire Co.,Ltd. ",,,Attn:Bilin-san and Jun-san ,,SAME AS CONSIGNEE,,,SAME AS CONSIGNEE,"*NO NEED TO DISPATCH THE ORIGINAL DOCS.  BY COURIER, PDF FILES OF ORIGINAL ARE ENOUGH.",*Please send ALL ORIGINAL DOCS.(including TSL commercial INV) PDF COPIES BY E-MAIL to UEC Matsumoto.,,,UBEPOL BR150L,20.16,MT,SYNTHETIC RUBBER,,,SHIPPING MARK,Overseas Sales Group
,,,,,,,,,,,,,,,,,*WITH TRADE RESISTRATION NO.,,,,,,,,,,,"NO. 2915 JIAN CHUAN ROAD, MIN HANG DEVELOPMENT",,,tel:0086-21-3405488,,,,,,*PDF OF BL AND FORM-E MUST BE SCANED OF THE ORIGINAL WITH COLORED,*Please keep the original Form-E 2 for 2 months after ETD.,,,,,,UBEPOL BR150L,,,NAME OF SUPPLIER : TSL,UBE Elastomer Co. Ltd. 
,,,,,,,,,,,,,,,,,,,,,,,,,,,,"ZONE, SHANGHAI, 201111 P.R.CHINA Ms.Jun You ",,,SHANGHAI MICHELIN WARRIOR TIRE,,,,,,"*Please issue P/L,Surrendered B/L and arrange I/P(No need cert. for each shipment).",,,,,,,,,,BR150L,
,,,,,,,,,,,,,,,,,,,,,,,,,,,,Tel: +86 21 3405 4888 *3226,,,"NO.2915 JIANCHUAN ROAD, MIN HANG",,,,,,*Please issue the original FORM-E  WITH TSL FOB Custom I/V.,,,,,,,,,,MICHELIN'S ORDER NUMBE.:5400138582,
,,,,,,,,,,,,,,,,,,,,,,,,,,,,Fax:54723540 or 86 21 3372 7711 *226 ,,,"DEVELOPMENT ZONE,",,,,,,*Please issue of TSL FOB CUSTOM I/V for Form-E,,,,,,,,,,MATERIAL NO. PG02596AD/NIF code 01406 .,
,,,,,,,,,,,,,,,,,,,,,,,,,,,,USCI:91310000607429866C E-MAIL,,,SHANGHAI,,,,,,(please mark net weight (xx.xxxTON) on the form-E  ( 7 Column ) .,,,,,,,,,,LOT:NO. ,
,,,,,,,,,,,,,,,,,,,,,,,,,,,,:jun.you@michelin.com,,,CHINA zip code 201111,,,,,,*Please issue  CoA(and show NIF code  01406 on CoA)  ,,,,,,,,,,DATE OF FABRICATION:,
,,,,,,,,,,,,,,,,,,,,,,,,,,,,,,,,,,,,,*Please issue  Declaration of No-Wood Packing Material,,,,,,,,,,QUANTITY:20.16MTS,
,,,,,,,,,,,,,,,,,,,,,,,,,,,,,,,,,,,,,*Please issue  the proforma I/V AND P/L for boxes.,,,,,,,,,,MADE IN THAILAND,
,,,,,,,,,,,,,,,,,,,,,,,,,,,,,,,,,,,,,*Please apply Shipping Line to extend D/M & D/T Free Time each 14days.,,,,,,,,,,NO.1-UP,
,,,,,,,,,,,,,,,,,,,,,,,,,,,,,,,,,,,,,,,,,,,,,,,,
Goodyear,"COOPER(KUNSHAN)TIRE CO.,LTD.",??????????? Cooper_4500003496.xls,"Cooper (Kunshan) Tire Co,. Ltd",,,,4500003496,UEG PO No.,4500003496,Cooper NO.: ,72026877,Material Code,SMITHIC on grade label,*put marking CODE on both sides of GPS box ,"Cooper (Kunshan) Tire Co,. Ltd",CHINA,FULL CONTACT DETAIL OF TSL ,,,,,,,"LAEM CHABANG, THAILAND",,SHANGHAI,,"Cooper (Kunshan) Tire Co., Ltd.",,,,,"Cooper (Kunshan) Tire Co., Ltd.",,,"Cooper (Kunshan) Tire Co., Ltd.","*SWB,P/L,I/P,CoA",,,,UBEPOL VCR617,20.16,MT,SYNTHETIC RUBBER,,,SHIPPING MARK,Overseas Sales Group
,,,,,,,,,,,,,,,,,WITH TRADE RESISTRATION NO.,,,,,,,,,,,"No. 168 Bailing Road, Kunshan Development ",,,,,"No. 168 Bailing Road, Kunshan Development ",,,"No. 168 Bailing Road, Kunshan Development ",*I/V AND P/L FOR BOX,,,,,,,,,,"Cooper (Kunshan) Tire Co,. Ltd",UBE Elastomer Co. Ltd. 
,,,,,,,,,,,,,,,,,,,,,,,,,,,,"Zone, Jiangsu Province",,,,,"Zone, Jiangsu Province",,,"Zone, Jiangsu Province",*FULL SET OF ORIGINAL FORM-E(WITH TSL INVOICE),,,,,,,,,,Cooper PO# No.72026877,
,,,,,,,,,,,,,,,,,,,,,,,,,,,,"215331 Kunshan, Jiangsu Province",,,,,"215331 Kunshan, Jiangsu Province",,,"215331 Kunshan, Jiangsu Province","* COOPER PO NO.AND   Material Code: SMITHIC,  SHOULD BE ON ALL DOCS.",,,,,,,,,,Lot No. ,
,,,,,,,,,,,,,,,,,,,,,,,,,,,,CHINA,,,,,CHINA,,,CHINA,,,,,,,,,,,Quantity:    kg,
,,,,,,,,,,,,,,,,,,,,,,,,,,,,Contact: Maggie Pan (Import/Export Dept),,,,,Contact: Maggie Pan (Import/Export Dept),,,Contact: Maggie Pan,*NO NEED TO ISSUE I/P CERTIFICATE FOR THIS SHIPMENT,,,,,,,,,,Material Code:SMITHIC,
,,,,,,,,,,,,,,,,,,,,,,,,,,,,Tel: +86- 0512 5772-7609,,,,,Tel: +86- 0512 5772-7609,,,Tel: +86- 0512 5772-7609,"*PLEASE DISPATCH FULL SET OF ORIGINAL  FORM-E, customs INV TO UEG, ",,,,,,,,,,Country of Origin: Thailand,
,,,,,,,,,,,,,,,,,,,,,,,,,,,,maggie_pan@goodyear.com,,,,,maggie_pan@goodyear.com,,,,"FOR OTHER DOCS, YOU DON'T NEED TO DISPATCH.",,,,,,,,,,Production Date: ,
,,,,,,,,,,,,,,,,,,,,,,,,,,,,USCI?91320583772033662N,,,,,peyton_shan@goodyear.com,,,,"*Please send all original docs. copies( COLORED PDF) by email to UEG and UEC, and send UEC INV+BL copies separately.",,,,,,,,,,Expiry Date:,
,,,,,,,,,,,,,,,,,,,,,,,,,,,,,,,,,,,,,,,,,,,,,,,,
Goodyear,GOODYEAR DUNLOP TIRES AMIENS SUD,???????????????????GY AMIENS_4500002509_.xls,GOODYEAR AMIENS SUD,,,,4500002509,UEG PO No.,4500002509,GY PO NO.:,8210256629,GOODYEAR CODE,ESTHERIC on grade label,*put marking CODE on both sides of Goodpack box ,GOODYEAR DUNLOP TIRES ,FRANCE,TSL /UBE EUROPE GMBH,,,,,,,"LAEM CHABANG, THAILAND",,AMIENS FRANCE,,GOODYEAR OPERATIONS SA.,,,,,PSA BDP INTERNATIONAL LOJISTIK ,,,GOODYEAR AMIENS SUD,"*SWB, P/L, CoA,I/P",*NO NEED TO ISSUE I/P CERTIFICATE FOR THIS SHIPMENT,,,UBEPOL VCR412,20.16,MT,SYNTHETIC RUBBER,,,,Overseas Sales Group
,,,,,,,,,,,,,,,,,,,,,,,,,,,,Amiens plant,,,,,ANONIM SIRKETI,,,60 AV ROGER DUMOULIN,,*NO NEED TO DISPATCH ANY DOCS. TO UEG,,,,,,,,,,UBE Elastomer Co. Ltd. 
,,,,,,,,,,,,,,,,,,,,,,,,,,,,AVENUE GORDON SMITH,,,,,"MASLAK MAHALLESI, SAAT SOKAK",,,80030 AMIENS,,"*Please send all original docs. copies( COLORED PDF) by email to UEG and UEC, and send UEC INV+BL copies separately.",,,,,,,,,SHIPPING MARK,
,,,,,,,,,,,,,,,,,,,,,,,,,,,,7750  COLMAR-BERG,,,,,"SPINE TOWER SITESI NO:5, IC KAPI NO:48, ",,,FRANCE,,,,,,,,,,,,
,,,,,,,,,,,,,,,,,,,,,,,,,,,,LU -  LUXEMBOURG,,,,,KAT:3 ,,,,,,,,,,,,,,DUNLOP,
,,,,,,,,,,,,,,,,,,,,,,,,,,,,,,,,,"34398 SARIYER ISTANBUL,TURKEY",,,,,,,,,,,,,,AMIENS,
,,,,,,,,,,,,,,,,,,,,,,,,,,,,,,,,,+90 (212) 346-0601,,,,,,,,,,,,,,UBEPOL VCR412,
,,,,,,,,,,,,,,,,,,,,,,,,,,,,,,,,,Contact email: goodyear-ofimp.llptr@bdpint.com,,,,,,,,,,,,,,GOODYEAR CODE:ESTHERIC,
,,,,,,,,,,,,,,,,,,,,,,,,,,,,,,,,,Sar?yer V.D tax number 7331238168,,,,,,,,,,,,,,GY PO NO.  8210256629,
,,,,,,,,,,,,,,,,,,,,,,,,,,,,,,,,,,,,,,,,,,,,,,,C/NO. 1-UP,
,,,,,,,,,,,,,,,,,,,,,,,,,,,,,,,,,,,,,,,,,,,,,,,,
,,,,,,,,,,,,,,,,,,,,,,,,,,,,,,,,,,,,,,,,,,,,,,,,
Goodyear,,,GOODYEAR DO BRASIL PRODUTOS DE BORRACHA LTDA,,,,4500002530,UEG PO No.,4500002530,GY PO NO.:,4500477572,GOODYEAR CODE:,SMITHIC on grade label,*put marking CODE on both sides of Goodpack box ,GOODYEAR DUNLOP TIRES ,BRASIL,TSL ON BEHALF OF  UBE EUROPE GMBH,,,,,,,"LAEM CHABANG, THAILAND",,SANTOS BRASIL,,Goodyear do Brasil Produtos,,,,,S. Magalhaes S.A. Logistica em ,,,Goodyear do Brasil Produtos de Borracha Ltda.,*FULL SET OF ORIGIAL B/L,*Please show material NCM NO.4002.20 on BL and P/L.,,,UBEPOL VCR617,20.16,MT,POLYBUTADIENE RUBBER,,,GOODYEAR DO BRASIL,Overseas Sales Group
,,,,,,,,,,,,,,,,,,,,,,,,,,,,de Borracha Ltda.,,,,,Comercio Exterior,,,"Av. Affonso Pansan, 3415 (Anhanguera, KM128)",(PLEASE SHOW FREIGHT VALUE ON BL),"*Please show Box NCM NO.7309.00(GPS) on BL(In case of returnable Box, )",,,,,,,,,PRODUTOS,UBE Elastomer Co. Ltd. 
,,,,,,,,,,,,,,,,,,,,,,,,,,,,"Av. Affonso Pansan, 3415 (Anhanguera, KM 128)",,,,,"Praca da Republica, 62- 2nd Floor",,,Vila Bertini – Americana City,"*P/L, I/P, COA",,,,,,,,,,GY P.O.: NO.4500477572,
,,,,,,,,,,,,,,,,,,,,,,,,,,,,13473-620 Vila Bertini - Americana City,,,,,"11013-010 Santos, SP/ Brasil",,,São Paulo State/Brazil,*I/V for Returnable Metal box(INV including packing details),*Plesae send all docs.Draft to UEG (CC;KIKUCHI)before issue the original doc.,,,,,,,,,UBEPOLVCR617,
,,,,,,,,,,,,,,,,,,,,,,,,,,,,Sao Paulo State / Brazil,,,,,CNPJ 58.130.089/0001-90,,,Zip Code 13473-620,(Please be shown Container No. and Lot No. on P/L),*All documents must signed by hand in blue ink indicating name and title of person signing ,,,,,,,,,MATERIAL CODE:SMITHIC,
,,,,,,,,,,,,,,,,,,,,,,,,,,,,CNPJ 60.500.246/0016-30,,,,,A/C: Giselia Oliveira and Wilson Carlos,,,CNPJ 60.500.246/0016-30,,"*Please dispatch the full set of  ORIGINAL BL to UEG, for other docs  PDF COPIES are enough.",,,,,,,,,C/NO. 1-UP,
,,,,,,,,,,,,,,,,,,,,,,,,,,,,Attn.: Mrs. Cassia Rodrigues,,,,,E-Mail: importgy@smagalhaes.com.br,,,Attn.: Fernanda Duarte,,"*Please send all original docs. copies(COLORED PDF) by email to UEG and UEC, and send UEC INV+BL copies separately.",,,,,,,,,PRODUCTION DATE:,
,,,,,,,,,,,,,,,,,,,,,,,,,,,,cassia_rodrigues@goodyear.com,,,,,,,,fernanda_duarte@goodyear.com,,,,,,,,,,,LOT.NO:,
,,,,,,,,,,,,,,,,,,,,,,,,,,,,Tel.:+55 19 2109-1708,,,,,,,,Tel.:+55 19 2109-1672,,,,,,,,,,,,
,,,,,,,,,,,,,,,,,,,,,,,,,,,,,,,,,,,,,,,,,,,,,,,,
Sumitomo Rubber,,,SUMITOMO RUBBER BRASIL,T.FUJIOKA / SEVP,S.OKUNI/H.UEDA,formula,4500003671,UEG PO No.,4500003671,SUMITOMO PO NO.:,100752,,,,SUMITOMO RUBBER BRASIL,BRASIL,TSL /UBE EUROPE GMBH,SINAR BAJO V.110S,CMA CGM BUZIOS V.0010W,PACIFIC INTERNATIONAL LINES (PRIVATE ) LIMITED C/O PIL SHIPPING (THAILAND)LTD.,DLT,25/02/2026,13/04/2026,"LAEM CHABANG, THAILAND",,PARANAGUA PORT BRAZIL,,SUMITOMO RUBBER DO BRASIL LTDA,,21 DAYS FREE TIME ,,,SUMITOMO RUBBER DO BRASIL LTDA,,,,*ALL DOCS MUST BE SIGNED IN BLUE INK PEN,?SI???????TSL????SI???????,,,UBEPOL VCR617,20.16,MT,SYNTHETIC RUBBER,,,,UBE Elastomer Co. Ltd.
,,,,THAI SYNTHETIC RUBBERS,UBE Elastomer Co. Ltd.,,,,,,,,,,,,,,,,,,,,,,,R.FRANCISCO FERREIRA DA CRUZ 4656,,,,,CNPJ:13.816.470/0001-70 AV.FRANCISCO ,,,,*Handwritten amendments are not acceptable.,*PLASE SEND ALL ORIGINAL DOCS EXCEPT COMMERCIAL CIF I/V(TSL-UBE) TO UEG DIRECLTY,,,,,,,,,SHIPPING MARK,
,,,,"CO., LTD.",TEL:81-3-5419-6167,,,,,,,,,,,,,,,,,,,,,,,83820293 FAZENDA RIO GRANDE-PR-PAR,,,,,FERREIRA DA,,,,* ISSUANCE OF THE ORIGINAL B/L AT DESTINATION(BRAZIL)SHOWING FREIGH COSTS,*PLASE SEND ALL ORIGINAL DOCS EXCEPT COMMERCIAL CIF I/V(TSL-UBE) TO UEG DIRECLTY,,,,,,,,,,
,,,,FAX:66-2-685-3056,FAX:81-3-5419-6250,,,,,,,,,,,,,,,,,,,,,,,"BRAZIL CONTACT:EMANUELA BECHLIN,",,,,,"CRUZ,4656 BAIRRO:EUCALIPTUS-FAZENDA ",,,,"( For B/L details, please refer to the  ""sumitomo document checklist"")","*PLASE SEND ALL DOCS PDF COPIES BY E-MAIL TO UBE MATSUMOTO, NO NEED TO SEND THEM BY COURIER. ",,,,,,,,,SUMIOTMO RUBBER BRASIL,
,,,,,,,,,,,,,,,,,,,,,,,,,,,,"EMANUELA BECHLIN, JEISELAINE KOZAN",,,,,RIO GRANDE-PR,,,,*COLOR SCAN OF B/L COPY,,,,,,,,,,PRODUCT NAME :UBEPOL VCR617,
,,,,,,,,,,,,,,,,,,,,,,,,,,,,TEL:+55 41 3060-9250 EXT.1115,,,,,BRASIL CEP:83.820-293 AC:VITOR MELLO,,,,*PACKING LIST,,,,,,,,,,SUMITOMO RUBBER BRASIL PO#100752,
,,,,,,,,,,,,,,,,,,,,,,,,,,,,TEL:+55 41 3060-9250 EXT.1112,,,,,E-MAIL:vitor.mello@dunloppneus.com.br,,,,"( For details, please refer to the  ""sumitomo document checklist"" )",,,,,,,,,,MATERIAL SPEC:TMS-1233-B-07,
,,,,,,,,,,,,,,,,,,,,,,,,,,,,CNPJ:13.816.470/0001-70,,,,,TEL:+55 41 3060-9250/EXT:1168,,,,*INVOICE FOR METAL BOX FOR CUSTOMS PURPOSES ONLY.,,,,,,,,,,MATERIAL NO. 120310220,
,,,,,,,,,,,,,,,,,,,,,,,,,,,,,,,,,ID:55*57344*107,,,,"( For details, please refer to the  ""sumitomo document checklist"" )",,,,,,,,,,,
,,,,,,,,,,,,,,,,,,,,,,,,,,,,,,,,,,,,,*CERTIFICATE OF ANALYSIS,,,,,,,,,,,
,,,,,,,,,,,,,,,,,,,,,,,,,,,,,,,,,,,,,"( For details, please refer to the attached ""sumitomo document checklist"" )",,,,,,,,,,LOT NO.:,
,,,,,,,,,,,,,,,,,,,,,,,,,,,,,,,,,,,,,*CONTAINER PHOTOS – BEFORE AND AFTER LOADING WITH PHOTO OF SEAL,,,,,,,,,,C/NO. 1-16,
,,,,,,,,,,,,,,,,,,,,,,,,,,,,,,,,,,,,,*REQ: SEND SHIPPING DOCS EXCEPT COMMERCIAL I/V IN PDF BY EMAIL TO UEG AND UEC,,,,,,,,,,,
,,,,,,,,,,,,,,,,,,,,,,,,,,,,,,,,,,,,,*REQ: SEND B/L COPY AND COMMERCIAL IV IN PDF BY E-MAILTO UEC,,,,,,,,,,,
,,,,,,,,,,,,,,,,,,,,,,,,,,,,,,,,,,,,,*NO NEED : CoO BY CHAMBER OF COMMERCE ,,,,,,,,,,,
,,,,,,,,,,,,,,,,,,,,,,,,,,,,,,,,,,,,,*CUSTOME TARIFF NO.40022000,,,,,,,,,,,
,,,,,,,,,,,,,,,,,,,,,,,,,,,,,,,,,,,,,"*""NCM Number :  4002.20.99  Ubepol VCR 617"" AND ",,,,,,,,,,,
,,,,,,,,,,,,,,,,,,,,,,,,,,,,,,,,,,,,,"*""NCM Number :  7309.00 GPS Metal Box"" show on all documents. ",,,,,,,,,,,
,,,,,,,,,,,,,,,,,,,,,,,,,,,,,,,,,,,,,*Please send the all docs draft to UEG before issue the original.,,,,,,,,,,,
,,,,,,,,,,,,,,,,,,,,,,,,,,,,,,,,,,,,,"*Please mention always on BL ""Wooden Package: not applicable"" ",,,,,,,,,,,
,,,,,,,,,,,,,,,,,,,,,,,,,,,,,,,,,,,,,,,,,,,,,,,,
,,,,,,,,,,,,,,,,,,,,,,,,,,,,,,,,,,,,,,,,,,,,,,,,
Sumitomo Rubber,,,SUMITOMO RUBBER SOUTH AFRICA (PTY) LTD.,T.FUJIOKA / SEVP,S. OKUNI/ H.UEDA,formula,4500003727,UEG PO No.,4500003727,SUMITOMO PO NO.:,7100189111,,,,SUMITOMO RUBBER SOUTH AFRICA (PTY) LTD.,SOUTH AFRICA,TSL /UBE EUROPE GMBH,ONE WREN V.029E,NYK FUJI V.135W,OCEAN NETWORK EXPRESS PTE. LTD. C/O,FOB / DSV,22/02/2026,27/03/2026,"LAEM CHABANG, THAILAND",,DURBAN SOUTH AFRICA,,Sumitomo Rubber South Africa (Pty) Ltd,,-,,,DSV South Africa (Pty) Ltd.,,,,*P/L,*Please submit complete set of documents in advance for final aproval of Sumitomo,,,UBEPOL VCR617,20.16,MT,SYNTHETIC RUBBER,,,,UBE Elastomer Co. Ltd.
,,,,THAI SYNTHETIC RUBBERS,DOMESTIC SALES GROUP,,,,,,,,,,,,,,,,,,,,,,,Attention : Zwelakhe Nhleko ,,,,,"1st Floor Podium, John Ross House,",,,,*Telex released B/L,"*PLASE SEND ALL DOCS PDF  COLOURED COPIES BY E-MAIL TO UEC OKUNI, NO NEED TO SEND THEM BY COURIER. ",,,,,,,,,,
,,,,"CO., LTD.",UBE ELASTOMER. LTD.,,,,,,,,,,,,,,,,,,,,,,,Lion Match Office Park,,,,,"22/23 Mncadi Ave, Esplanade",,,,*Quality Certificate,,,,,,,,,,SHIPPING MARK,
,,,,FAX:66-2-685-3056,TEL:81-3-5419-6167,,,,,,,,,,,,,,,,,,,,,,,The Old Factory Building,,,,,4001 Durban,,,,*Invoice 1 original,,,,,,,,,,,
,,,,,FAX:81-3-5419-6250,,,,,,,,,,,,,,,,,,,,,,,892 Umgeni Road,,,,,"P O BOX 1008, Durban, 4000",,,,,,,,,,,,,,SUMIOTMO RUBBER SOUTH AFRICA,
,,,,,,,,,,,,,,,,,,,,,,,,,,,,Durban 4001,,,,,South Africa 4018,,,,,,,,,,,,,,PRODUCT NAME :UBEPOL VCR617,
,,,,,,,,,,,,,,,,,,,,,,,,,,,,Kwazulu Natal,,,,,,,,,,,,,,,,,,,SUMITOMO RUBBER ,
,,,,,,,,,,,,,,,,,,,,,,,,,,,,South Africa,,,,,Contact: : Suraj Seobaran,,,,,,,,,,,,,,SOUTH AFRICA PO,
,,,,,,,,,,,,,,,,,,,,,,,,,,,,Tel: +27 031 242 1202 ,,,,,Email: Suraj.Seobaran@za.dsv.com,,,,,,,,,,,,,,7100189111,
,,,,,,,,,,,,,,,,,,,,,,,,,,,,Email : Zwelakhe.Nhleko@srigroup.co.za ,,,,,Phone: 27(031)  310 6000 (Switchboard),,,,,,,,,,,,,,MATERIAL CODE:L1239,
,,,,,,,,,,,,,,,,,,,,,,,,,,,,,,,,,Phone: 27 (031) 310 6004 (Direct line),,,,,,,,,,,,,,LOT NO.:,
,,,,,,,,,,,,,,,,,,,,,,,,,,,,,,,,,,,,,,,,,,,,,,,C/NO. 1-16,
,,,,,,,,,,,,,,,,,,,,,,,,,,,,,,,,,,,,,,,,,,,,,,,,
Sumitomo Rubber,,,Sumitomo Rubber ?Hunan?CO.LTD ,T.FUJIOKA/SEVP,S.OKUNI/ H.UEDA,formula,BRHN-26-07,USH PO No.:,BRHN-26-07,,,,,,Sumitomo Rubber ?Hunan?CO.LTD ,CHINA,FULL CONTACT DETAIL OF TSL ,HEUNG-A BANGKOK V.2602N,-,HEUNG A,DIRECT,20/03/2026,27/03/2026,"LAEM CHABANG, THAILAND",SHANGHAI CHINA,,,Sumitomo Rubber ?Hunan?CO.LTD ,,D/M:14DAYS       D/T:14DAYS    * Please apply 14 days Free Time,COURIER ADDRESS:ATTN:Yang Jie-SAN,,THE SAME AS ABOVE AND ,,,,*FULL SET OF SURRENDERED B.L ,,,,  UBEPOL VCR617,20.16,MT,SYNTHETIC RUBBER UBEPOL VCR617,,,SHIPPING MARK,UBE Elastomer Co. Ltd.
,,,,THAI SYNTHETIC RUBBERS,UBE Elastomer Co. Ltd.,,,,,,,,,,,,WITH TRADE RESISTRATION NO.,,,,,,,,,,,"No.1318 Liangtang East Road ,?Changlong street,?Changsha county,?",,,UBE (SHANGHAI) LTD.,,UBE (SHANGHAI) LTD.,,,,* No need to issue individual I/P,,,,,,,,,,,
,,,,"CO., LTD.",TEL:81-3-5419-6167,,,,,,,,,,,,(no need On Behalf of USH),,,,,,,,,,,"Changsha city,?Hunan province,?China",,,"Room 2403#, Shanghai International Trade Centre, ",,"ROOM 2403#, SHANGHAI INTERNATIONAL TRADE CENTRE,",,,,*ORIGINAL OF CERTIFICATE OF ANALYSIS AND  ORIGINAL TOGETHER WITH THE PRODUCT,,,,,,,,,,SYNTHETIC RUBBER,
,,,,,FAX:81-3-5419-6250,,,,,,,,,,,,,,,,,,,,,,,TEL: 0086-731-86407006-1229 ,,,"Yan'an West Road 2201#, changning district, ",,"YAN'AN WEST ROAD 2201#, CHANGNING DISTRICT, SHANGHAI, CHINA 200336",,,,*Please issue full set Form-E with UEC I/V.,,,,,,,,,,UBEPOL,
,,,,,,,,,,,,,,,,,,,,,,,,,,,,FAX: 0086-731-86407030,,,"SHANGHAI,CHINA ZIP:200336",,CONTACT PERSON : Yang Jie,,,,(please show NET Weight on Form-E),,,,,,,,,,VCR617,
,,,,,,,,,,,,,,,,,,,,,,,,,,,,ATTN: DingJin Wu,,,TELL:021-6273-2288,,TEL : 0021-6273-2288  FAX : 0021-6273-3833,,,,"*Please check (?)""Third Party invoicing"" and add below sentence in Section 7 on Form-E.",,,,,,,,,,Made in Thailand,
,,,,,,,,,,,,,,,,,,,,,,,,,,,,dj_wu@srh.dunlop.com.cn,,,,,USCI:913101157030082793,,,,"THIRD-PARTY OPERATOR : UBE ELASTOMER CO. LTD.  ADD : SEAVANS NORTH BUILDING, 1-2-1, SHIBAURA, MINATO-KU, TOKYO JAPAN",,,,,,,,,,,
,,,,,,,,,,,,,,,,,,,,,,,,,,,,USCI:91430100561703582X,,,,,,,,,"*Please add ""PO NO. :BRHN-26-07"" in section 10 on Form-E.",,,,,,,,,,,
,,,,,,,,,,,,,,,,,,,,,,,,,,,,,,,,,,,,,“Please put special label of “Low-smell UBEPOL VCR617” on GPS packaging”,,,,,,,,,,,
,,,,,,,,,,,,,,,,,,,,,,,,,,,,,,,,,,,,,“SRI Code will be changed to 1239C”,,,,,,,,,,,
,,,,,,,,,,,,,,,,,,,,,,,,,,,,,,,,,,,,,*ORIGINAL OF CERT. OF NO WOOD PACKING MATERIAL,,,,,,,,,,,
,,,,,,,,,,,,,,,,,,,,,,,,,,,,,,,,,,,,,*Original of VANNING REPORT(WHEN There are 2 items in one shipment)                           ,,,,,,,,,,,
,,,,,,,,,,,,,,,,,,,,,,,,,,,,,,,,,,,,,*Original of  CERT of FREE TIME of 14 day,,,,,,,,,,,
,,,,,,,,,,,,,,,,,,,,,,,,,,,,,,,,,,,,,*HS CODE:4002.20,,,,,,,,,,,
,,,,,,,,,,,,,,,,,,,,,,,,,,,,,,,,,,,,,*Please send FORM E to USH direclty by courier.   ,,,,,,,,,,,
,,,,,,,,,,,,,,,,,,,,,,,,,,,,,,,,,,,,,*Please e-mail ALL docs and  CIF COMMERCIAL IV (between UEC and TSL) by PDF copies to UEC Tokyo. ,,,,,,,,,,,
,,,,,,,,,,,,,,,,,,,,,,,,,,,,,,,,,,,,,*Please note B/L and Form E are color copies,,,,,,,,,,,
,,,,,,,,,,,,,,,,,,,,,,,,,,,,,,,,,,,,,,,,,,,,,,,,
Toyo Tire,,,TOYO TYRE MALAISIA,T.FUJIOKA/SEVP,M.KAWAMORI / H.UEDA,formula,7800009932-4,,,,,,,,TOYO TYRE MALAISIA,Malaysia,TSL WITH FULL ADRESS,INTERASIA TRIUMPH V.W007,-,WANHAI,LEO,same format,same format,"LAEM CHABANG, THAILAND","PENANG, MALAYSIA",,,Toyo Tyre Malaysia Sdn Bhd,SURRENDERED B/L,D/M:14DAYS    D/T:14DAYS * Please apply 14 days Free Time,,,SAME AS CONSIGNEE,,,,*CERTIFICATE OF ANALYSIS,,,,UBEPOL VCR617,20.16,MT,POLYBUTADIENE RUBBER,,,SHIPPING MARK,UBE Elastomer Co. Ltd.
,,,,THAI SYNTHETIC RUBBERS,UBE Elastomer Co. Ltd.,,,,,,,,,,,,,,,,,,,,,,,"PT23101, Jalan Tembaga Kuning",,,,,,,,,*PACKING LIST,,,,,,,UBEPOL VCR617,,,,
,,,,"CO., LTD.",TEL:81-3-5419-6167,,,,,,,,,,,,,,,,,,,,,,,Kawasan Perindustrian Kamunting Raya,,,,,,,,,"*Please discribe MAR161A(TTM MATERIAL CODE) on all delivery documents. (BL,PL,COA)",,,,,,,,,,TOYO TYRE MALAYSIA PLANT,
,,,,,FAX:81-3-5419-6250,,,,,,,,,,,,,,,,,,,,,,,"PO Box 1,34600, Kamunting, Perak. Malaysia",,,,,,,,,*No need to issue individual I/P and COO.,,,,,,,,,,MAR161A,
,,,,,,,,,,,,,,,,,,,,,,,,,,,,Contact Person : Ms Lim / Ms Yap,,,,,,,,,*Please send Arrival Notice to below e-mail address ,,,,,,,,,,ORDER NO.:7800009932-4,
,,,,,,,,,,,,,,,,,,,,,,,,,,,,Tel : 605-8206669 Fax : 605-8206659,,,,,,,,,wong_py@toyotires.com.my,,,,,,,,,,UBEPOL VCR617(TSL?,
,,,,,,,,,,,,,,,,,,,,,,,,,,,,,,,,,,,,,yap_bk@toyotires.com.my,,,,,,,,,,"C/NO, 1-16",
,,,,,,,,,,,,,,,,,,,,,,,,,,,,,,,,,,,,,*Please send all  docs and COMMERCIAL IV (between UEC and TSL) by PDF copies by E-mail to UEC Tokyo.,,,,,,,,,,MADE IN THAILAND ,
,,,,,,,,,,,,,,,,,,,,,,,,,,,,,,,,,,,,,,,,,,,,,,,,
,,,,,,,,,,,,,,,,,,,,,,,,,,,,,,,,,,,,,,,,,,,,,,,,
,,,,,,,,,,,,,,,,,,,,,,,,,,,,,,,,,,,,,,,,,,,,,,,,
Toyo Tire,,,"HENGDASHENG TOYO TIRE(ZHANGJIAGANG) CO., LTD.",T.FUJIOKA/SEVP,S.OKUNI/H.UEDA,formula,BR-TOYO-2503,USH PO No.:,BR-TOYO-2503,,,,,,,,,,,,,,,,,,,,,,,,,,,,,,,,,,,,,,,
,,,,THAI SYNTHETIC RUBBERS,UBE Elastomer Co. Ltd.,,,,,,,,,,,,FULL CONTACT DETAIL OF TSL ,JOSCO LUCKY V.2511N,-,"TAICANG CONTAINER LINES CO.,LTD",LEO,same format,same format,"LAEM CHABANG, THAILAND","ZHANGJIAGANG, CHINA",,,"HENGDASHENG TOYO TIRE(ZHANGJIAGANG) CO., LTD.",SURRENDERED B/L,D/M:14DAYS       D/T:14DAYS    * Please apply 14 days Free Time,,,THE SAME AS ABOVE AND ,,,,*FULL SET OF SURRENDERED B.L ,,,,  UBEPOLVCR617,20.16,MT,SYNTHETIC RUBBER,,,SHIPPING MARK,UBE Elastomer Co. Ltd.
,,,,"CO., LTD.",TEL:81-3-5419-6167,,,,,,,,,,,,WITH TRADE RESISTRATION NO.,,,,,,,,,,,"58,DONGHAI ROAD, YANGTZE INTERNATIONAL CHEMICAL",,,,,UBE (SHANGHAI) LTD.  ATTN:Yang Jie-san,,,,*No need to issue individual I/P. (Customer accepted General I/P.),,,,,,,,,,VCR617?TSL?,
,,,,FAX:66-2-685-3056,FAX:81-3-5419-6250,,,,,,,,,,,,(no need On Behalf of USH),,,,,,,,,,,"INDUSTRIAL PARK, ZHANGJIAGANG, JIANGSU, CHINA",,,,,"Room 2403#, Shanghai International Trade Centre, ",,,,*PLEASE MARK HS CODE 4002.20.90 ON BL ,,,,,,,,,,BR-TOYO-2503,
,,,,,,,,,,,,,,,,,,,,,,,,,,,,CONTACT PERSON: Lili Yu  E-MAIL: yulili@toyotiresz.com ,,,,,"Yan'an West Road 2201#, changning district, ",,,,*3 ORIGINAL OF CERTIFICATE OF ANALYSIS and 1 original together with product,,,,,,,,,,C/NO. 1-16,
,,,,,,,,,,,,,,,,,,,,,,,,,,,,TEL?0512-3500-7124 FAX?0512-35007203,,,,,"SHANGHAI,CHINA ZIP:200336",,,,*Please issue full set of Form-E with TSL FOB custom I/V.,,,,,,,,,,MADE IN THAILAND ,
,,,,,,,,,,,,,,,,,,,,,,,,,,,,USCI:91320592553812607A ,,,,,TELL:021-6273-2288,,,,*Please show NET Weight on Form-E,,,,,,,,,,CONSIGNEE:TOYO TIRE,
,,,,,,,,,,,,,,,,,,,,,,,,,,,,,,,,,USCI:913101157030082793,,,,"*NEED ""R161""LABEL ON THE PACKING",,,,,,,,,,R161,
,,,,,,,,,,,,,,,,,,,,,,,,,,,,,,,,,,,,,*Please issue 3 original of No wood packing material OR IPPC PALLET,,,,,,,,,,USH COURIER ADDRESS:ATTN:Yang Jie-san,
,,,,,,,,,,,,,,,,,,,,,,,,,,,,,,,,,,,,,*Pls send PDF copies of all original docs.to UEC(Okuni) by e-mail and send all original docs to UBE shanghai directly.,,,,,,,,,,UBE (SHANGHAI) LTD.,
,,,,,,,,,,,,,,,,,,,,,,,,,,,,,,,,,,,,,"except commercial CIF invoice to UBE (Courier address of UBE shanghai, please refer to the above)",,,,,,,,,,"Room 2403#, Shanghai International Trade Centre, ",
,,,,,,,,,,,,,,,,,,,,,,,,,,,,,,,,,,,,,,,,,,,,,,,"Yan'an West Road 2201#, changning district, ",
,,,,,,,,,,,,,,,,,,,,,,,,,,,,,,,,,,,,,,,,,,,,,,,"SHANGHAI,CHINA ZIP:200336",
,,,,,,,,,,,,,,,,,,,,,,,,,,,,,,,,,,,,,,,,,,,,,,,TELL:021-6273-2288,
,,,,,,,,,,,,,,,,,,,,,,,,,,,,,,,,,,,,,,,,,,,,,,,,
Toyo Tire,,,TOYO TIRE NORTH AMERICA,T.FUJIOKA/SEVP,S. OKUNI/ D. KAWAMORI,formula,17169,UAI PO NO,17169,TOYO PO,4501239925,,,,TOYO TIRE NORTH AMERICA,U. S. A.,TSL WITH FULL ADRESS,MSC BRIDGEPORT V.GU606W,ZIM THAILAND V.14E,MSC,DIRECT / FOB,same format,same format,"LAEM CHABANG,THAILAND",SAVANNAH,"WHITE, GA",,TOYO TIRE NORTH AMERICA MANUFACTURING INC.,,,,,"D.J.Powers Company, Inc.",SAME AS CONSIGNEE,UBE America Inc.,TOYO TIRE NORTH AMERICA MANUFACTURING INC.,* Full set of Sea Waybill,*Please e-mail ALL docs and FOB COMMERCIAL IV (between UEC and TSL)  by PDF copies to UEC Tokyo(Okuni) ,,,UBEPOL VCR617,35.28,,POLYBUTADIENE RUBBER ,,,SHIPPING MARK,UBE Elastomer Co. Ltd.
,,,,"THAI SYNTHETIC RUBBERS CO.,LTD.",UBE Elastomer Co. Ltd.,,,,,,,,,,,,ON BEHALF OF UBE AMERICA,,,,,,,,,,,3660 Highway 411 NE,,,,,"5000 Business Center Drive, Suite 1000",,Tel: +1  (248) 516-4911,3660 Highway 411 NE,* 2/2 ORIGINAL CoA,*NO need original courier to UAI and us. ,,,,,,,,,,
,,,,,TEL:81-3-5419-6167,,,,,,,,,,,,,,,,,,,,,,,"White, GA 30184",,,,,"Savannah, GA 31405",,"38777 Six Mile Road, Suite 400, Livonia, MI 48152","White, GA 30184","*Please show ""TOYO ITEM NO.GAR161A""  & ""TOYO 4501202829"" on all doc.",,,,,,,,,,UBEPOL VCR617,
,,,,,FAX:81-3-5419-6250,,,,,,,,,,,,,,,,,,,,,,,ATTN:SUSAN WOOD   woods@toyotires.com,,,,,TEL:912-790-1927,,E-mail: akiko@ube.com,ATTN:  SUSAN WOOD,*Please send ISF data to UEC and UAI by e-mail at once. When you get it ,,,,,,,,,,TOYO PO:4501239925,
,,,,,,,,,,,,,,,,,,,,,,,,,,,,TEL: 678-492-2165,,,,,ATTN: DANETTE PENTECOST,,E-mail: k.kikuta@ube.com,,UAI people;,,,,,,,,,,   NO. 1-28,
,,,,,,,,,,,,,,,,,,,,,,,,,,,,,,,,,TOYO.TIRE@DJPOWERS.COM,,,,Akiko Hirayama <akiko@ube.com> & Kaori Kikuta <k.kikuta@ube.com>,,,,,,,,,,   MADE IN THAILAND,
,,,,,,,,,,,,,,,,,,,,,,,,,,,,,,,,,,,,,,,,,,,,,,,   TOYO ITEM NO.GAR161A(VCR617),
,,,,,,,,,,,,,,,,,,,,,,,,,,,,,,,,,,,,,,,,,,,,,,,,
BRIDGESTONE,BRIDGESTONE INDIA PRIVATE LIMITED,BS INDIA 4500077118 Pune TALEGAON PO & SI.xls,BRIDGESTONE INDIA PRIVATE LIMITED,MR.FUJIOKA/SEVP,W.MIYANAMI,formula,4500077118,BS INDIA PO No.: ,4500077118,,,,,,BRIDGESTONE INDIA PRIVATE LIMITED,INDIA,TSL WITH FULL CONTACT DETAILS,xx,xx,xx,xx,xx,xx,,NHAVA SHEVA,NHAVA SHEVA,,Bridgestone India Private Limited,,"D/M : 14 DAYS, D/T : 14 DAYS",Bridgestone India Private Limited,,Bridgestone India Private Limited,,,,*Full set of Surrendered MASTER B/L(NOT FORWARDER BL),,,,UBEPOL BR150L,2.1,MTS,TC 50,,,,UBE Elastomer Co. Ltd.
,,,,THAI SYNTHETIC RUBBERS,SYNTHETIC RUBBUR DIV.,,,,,,,,,,,,AND RESISTRATION NO.,,,,,,,,,,,"PLOT NO. A-43, PHASE-II, MIDC CHAKAN",,,"PLOT NO. A-43, PHASE-II, MIDC CHAKAN",,"PLOT NO. A-43, PHASE-II, MIDC CHAKAN",,,,,,,,,,,POLY BUTADIENE ,,,SHIPPING MARK,
,,,,"CO., LTD.",UBE ELASTOMER CO.LTD.,,,,,,,,,,,,,,,,,,,,,,,"VILLAGE SAWARDARI, TALUKA KHED, DIST. PUNE,",,,"VILLAGE SAWARDARI, TALUKA KHED, DIST. PUNE,",,"VILLAGE SAWARDARI, TALUKA KHED, DIST. PUNE,",,,,,,,,,,,RUBBER  UBEPOL BR150L,,,BRIDGESTONE INDIA PRIVATE LIMITED,
,,,,FAX:66-2-685-3056,TEL:81-3-5419-6167,,,,,,,,,,,,,,,,,,,,,,,"MAHARASHTRA - 410 501, INDIA",,,"MAHARASHTRA - 410 501, INDIA",,"MAHARASHTRA - 410 501, INDIA",,,,,,,,,,,,,,TRADE NAME:UBEPOL BR150L,
,,,,,,,,,,,,,,,,,,,,,,,,,,,,TEL: +91.2135.672.000,,,"TEL         : +91 2135 672166,+91 2135672000",,    Attn: Prashant Verma ,,,,,,,,,,,,,,TC50/BSID/4500077118,
,,,,,,,,,,,,,,,,,,,,,,,,,,,,ATTN:,,,ATTN:Ms. Neha Latare/Mr. Sagar Gujarathi/Mr.Sandeep Gallani,, (prashant-verma@bridgestone.co.in),,,,"IMPORTANT!! ? *PLS MARK ""FREE TIME: 14 DAYS FREE DETENTION AT NHAVA SHEVA.",*Please send all original docs. to BS INDIA direclty except CIF COMMERCIAL IV (between UBE and TSL) by courier.,,,,,,,,,INVOICE NO./4500077118,
,,,,,,,,,,,,,,,,,,,,,,,,,,,,(prashant-verma@bridgestone.co.in),,,,,    Tel: +91.2135.672.174,,,,*HS CODE:,"(FOR COURIER ADDRESS, PLEASE REFER AS FOLLOWS(SI/ PAGE 2)",,,,,,,,,MANUFACTURE'S NAME,
,,,,,,,,,,,,,,,,,,,,,,,,,,,,IEC NO. 0396013341,,,,,PAN Number (Permanent Account Number) of ,,,,*PAN Number (Permanent Account Number) of notify party address.:-  “AABCB2304E ” ON BL,*Please send ALL docs. PDF copies by E-mail to UBE Tokyo(Matsumoto) /NO need original courier to us.,,,,,,,,,"  THAI SYNTHETIC RUBBERS CO., LTD.",
,,,,,,,,,,,,,,,,,,,,,,,,,,,,GSTIN Number 27AABCB2304E1ZD,,,,,notify party address.:-  “AABCB2304E ” ,,,,* 2 original of Certificate of Origin Form-AI with TSL FOB customs Invoice.,,,,,,,,,,LOT.NO:,
,,,,,,,,,,,,,,,,,,,,,,,,,,,,,,,,,,,,,,,,,,,,,,,,
,,,,,,,,,,,,,,,,,,,,,,,,,,,,,,,,,,,,,NEW!!?*Please issue 1 ORIGINAL FORM I (section III) with Manufacturing process outline ,,,,,,,,,,GROSS WT.  ---Please advise,
,,,,,,,,,,,,,,,,,,,,,,,,,,,,,,,,,,,,,"Whenever there is change in Manufacturing process, please inform us along with necessary documents.",,,,,,,,,,"NET WT. 2,100",
,,,,,,,,,,,,,,,,,,,,,,,,,,,,,,,,,,,,,* 3 original of Certificate of Analysis marked BS material code (TC 50)and PO number,,,,,,,,,,MADE IN THAILAND,
,,,,,,,,,,,,,,,,,,,,,,,,,,,,,,,,,,,,,  issued by manufacturer,,,,,,,,,,,
,,,,,,,,,,,,,,,,,,,,,,,,,,,,,,,,,,,,,* 2 original of Declaration of non coniferous wood packing materials issued by manufacturer,,,,,,,,,,,
,,,,,,,,,,,,,,,,,,,,,,,,,,,,,,,,,,,,,*please send us the draft of ONLY B/L before issue the original,,,,,,,,,,,
,,,,,,,,,,,,,,,,,,,,,,,,,,,,,,,,,,,,,*Det at Nhava must be 14 days as we cofirmed ,,,,,,,,,,,
,,,,,,,,,,,,,,,,,,,,,,,,,,,,,,,,,,,,,,,,,,,,,,,,
BRIDGESTONE,BRIDGESTONE SA (PTY) LTD,BS S.A 4501193944 xls.xls,BRIDGESTONE SA (PTY) LTD,T. Fujioka/SEVP,D.KAWAMORI/UEDA,formula,4501193944,BFAFRICA PO No.: ,4501193944,,,,,,BRIDGESTONE SOUTH AFRICA,AFRICA,TSL ON BEHALF OF UBE Elastomer Co. Ltd.,xx,xx,xx,xx,xx,xx,,,SOUTH AFRICA,,BRIDGESTONE SA (PTY) LTD,,,,,ATTN:SHIPPING DEPT,,,,*You don't need to send original doc.by courier. Only PDF copies are OK.,,,,UBEPOL VCR412,20.16,MT,POLYBUTADIENE RUBBER ,,,SHIPPING MARK,UBE Elastomer Co. Ltd.
,,,,THAI SYNTHETIC RUBBERS,UBE Elastomer Co. Ltd.,,,,,,,,,,,,,,,,,,,,,,,189 GRAHAMSTOWN ROAD,,,,,BRIDGESTONE SA (PTY) LTD,,,,*SURRENDERED BL IS REQUIRED.,,,,,,,HB12 / UBEPOL VCR412,,,,
,,,,"CO., LTD.",TEL:81-3-5419-6167,,,,,,,,,,,,,,,,,,,,,,,"DEAL PARTY, PORT ELIZABETH, 6001, SOUTH AFRICA",,,,,Email: bsaf.imports@bridgestone.co.za,,,,"* Pls mark BS material code ""HB12"" and "" PO NO. 4501193944"" on all document",,,,,,,,,,BRIDGESTONE S.A. PTY,
,,,,,FAX:81-3-5419-6250,,,,,,,,,,,,,,,,,,,,,,,,,,,,,,,,* 3 COPY OF CERTIFICATE OF ANALYSIS,,,,,,,,,,PORT ELIZABETH,
,,,,,,,,,,,,,,,,,,,,,,,,,,,,,,,,,,,,,"*PACKING LIST MUST SHOW GROSS,TARE,AND NET WEIGHT",,,,,,,,,,ORDER NO.4501193944,
,,,,,,,,,,,,,,,,,,,,,,,,,,,,,,,,,,,,,"* CoA IS REQUIRED PRIOR, PLEASE SEND US THE PDF AS SSON AS POSSIBLE.",,,,,,,,,,HB12(UBEPOL VCR412),
,,,,,,,,,,,,,,,,,,,,,,,,,,,,,,,,,,,,,"* BRIDGESTONE CODE OF  ""HB12""SHOULD BE MARKED ON ALL BAGS, DRUMS,CONTAINERS ",,,,,,,,,,C/S NO.1-UP,
,,,,,,,,,,,,,,,,,,,,,,,,,,,,,,,,,,,,,,,,,,,,,,,MADE IN THAILAND,
,,,,,,,,,,,,,,,,,,,,,,,,,,,,,,,,,,,,,,,,,,,,,,,,
,,,,,,,,,,,,,,,,,,,,,,,,,,,,,,,,,,,,,,,,,,,,,,,,
,,,,,,,,,,,,,,,,,,,,,,,,,,,,,,,,,,,,,,,,,,,,,,,,
BRIDGESTONE,BRISA BRIDGESTONE SABANCI LASTIKSANAYI VE TICARET A.S.,BS Turkey_8026803.xls,BRISA BRIDGESTONE SABANCI LASTIKSANAYI VE TICARET A.S.,MR.T. Fujioka /SEVP,KAWAMORI/UEDA,,8026803,BRISA BRIDGESTONE  PO No.: ,8026803,,,,,,BRISA BRIDGESTONE SABANCI ,TURKEY,TSL ON BE HALF OF UEC,,,,,,,,,"Y?lport(GEBZE), TURKEY",,CONSIGNEE; ,,,,,SAME AS CONSIGNEE,,,,* FULL SET OF SEA WAY BILL,,,,UBEPOL VCR412,5.04,MT,POLYBUTADIENE RUBBER ,,,SHIPPING MARK,UBE Elastomer Co. Ltd.
,,,,THAI SYNTHETIC RUBBERS,UBE Elastomer Co. Ltd.,,,,,,,,,,LASTIK SANAYI VE TICARET A.S.,,,,,,,,,,,,,BRISA BRIDGESTONE SABANCI LASTIK SANAYI VE TICARET A.S.,,,,,,,,,* FULL SET OF CERT. OF ORIGIN BY MANUFACTURE,,,,,,,HB12 / UBEPOL VCR412,,,BRISA /TURKEY,
,,,,"CO., LTD.",TEL:81-3-5419-6167,,,,,,,,,,,,,,,,,,,,,,,Alikahya Fatih Mah.Sanayi Cad.No:98 ,,,,,,,,,"* 3 ORIGINAL OF CERTIFICATE OF ANALYSIS,",,,,,,,,,,Materila code:HB12,
,,,,,FAX:81-3-5419-6250,,,,,,,,,,,,,,,,,,,,,,,41310 ?zmit / KOCAEL? Turkey,,,,,,,,,* PLEAE SHOW PRODUCTION DATE AND TEST DATE ON COA,,,,,,,,,,ID: HB12-B,
,,,,,,,,,,,,,,,,,,,,,,,,,,,,Contact Person : BURCU YUZUAK,,,,,,,,,* PLEASE SHOW - Material code AND ID on all Doc.,,,,,,,,,,MADE IN THAILAND,
,,,,,,,,,,,,,,,,,,,,,,,,,,,,Phone : +90 (262) 316 57 53,,,,,,,,,,,,,,,,,,,"THAI SYNTHETIC RUBBERS CO.,LTD",
,,,,,,,,,,,,,,,,,,,,,,,,,,,,E-Mail ?b.yuzuak@brisa.com.tr,,,,,,,,,"* Please label BS code no."" HB12 "" on each box.(4 side)",,,,,,,,,,PRODUCTION DATE: ,
,,,,,,,,,,,,,,,,,,,,,,,,,,,,,,,,,,,,,,,,,,,,,,,,
BRIDGESTONE,BRIDGESTONE FIRESTONE NT WILSON PLANT,BS WILSON 4900235021.xlsx,,T. Fujioka/SEVP,D.KAWAMORI/UEDA,,4900235021,BFS WILSON PO No.: ,4900235021,,,,,,BRIDGESTONE FIRESTONE NT ,WILSON   USA,TSL ,,,,,,,,,WILSON USA,,Bridgestone Firestone NT  Wilson Plant,,,,,SAME AS CONSIGNEE,"V Alexander and Co., Inc.",,,"!! New INSTRUCTION,!! YOU don't need to send us the oirignal docs, only PDF copies by e-mail are ok.",,,,UBEPOL VCR412,17.64,MT,POLYBUTADIENE RUBBER ,,,SHIPPING MARK,UBE Elastomer Co. Ltd.
,,,,THAI SYNTHETIC RUBBERS,UBE Elastomer Co. Ltd.,,,,,,,,,,WILSON PLANT,,,,,,,,,,,,,Triangle East Storage 2010 Baldree Road Wilson NC27893  USA,,,,,,22 Century Blvd # 510,,,*A non-negotiable “ Waybill,,,,,,,TC030 / UBEPOL VCR412,,,,
,,,,"CO., LTD.",TEL:81-3-5419-6167,,,,,,,,,,,,,,,,,,,,,,,TEL: 252-246-7630 ,,,,,,"Nashville, TN 37214",,,"* Pls mark BS material code ""TC030"" and "" PO NO4900235021LINE ITEM 00010 "" on all document",,,,,,,,,,"BRIDGESTONE AMERICAS, INC.",
,,,,,FAX:81-3-5419-6250,,,,,,,,,,,,,,,,,,,,,,,ATTN: Jeff Pyle,,,,,,E-mail: BRIDGESTONE@VALEXANDER.COM,,,"* CERTIFICATE OF ANALYSIS, CERTIFICATE OF COMPLIANCE AND PACKING LIST MUST BE ",,,,,,,,,,BFS WILSON,
,,,,,,,,,,,,,,,,,,,,,,,,,,,,pylejeff@bfusa.com,,,,,,Phone: 615-885-0020,,,ATTACHED ON CONTAINER(MANUFACTURE DATE SHOULD BE ON CoA),,,,,,,,,,ORDER NO. 4900235021,
,,,,,,,,,,,,,,,,,,,,,,,,,,,,Spurlinlee@bfusa.com,,,,,,,,,"*PACKING LIST MUST SHOW GROSS,TARE,AND NET WEIGHT",,,,,,,,,,TC030/UBEPOL VCR412,
,,,,,,,,,,,,,,,,,,,,,,,,,,,,,,,,,,,,,"*ALL CONTAINERS (INCLUDING INDIVIDUAL BAGS, BOXES) OF MATERIALS MUST BE MARKED ",,,,,,,,,,C/NO.1 -14,
,,,,,,,,,,,,,,,,,,,,,,,,,,,,,,,,,,,,,WITH THE  CHEMICAL AND /OR TRADENAME THAT APPEARS ON THE PRODUCT'S MSDS,,,,,,,,,,"17,640kg",
,,,,,,,,,,,,,,,,,,,,,,,,,,,,,,,,,,,,,*WEIGHT IN NO LESS THAN ONE INCH(PREFERABLY 2 INCH)LETTERS,,,,,,,,,,MADE IN THAILAND,
,,,,,,,,,,,,,,,,,,,,,,,,,,,,,,,,,,,,,*Certificate of Origin issued by manufacturer,,,,,,,,,,,
,,,,,,,,,,,,,,,,,,,,,,,,,,,,,,,,,,,,,*Declaration of non coniferous wood packing materials,,,,,,,,,,,
,,,,,,,,,,,,,,,,,,,,,,,,,,,,,,,,,,,,,,,,,,,,,,,,
BRIDGESTONE,"BRIDGESTONE (WUXI) TIRE CO., LTD.",BS WUXI 4500471133.xls,,MR.T. Fujioka /SEVP,KAWAMORI/UEDA,,4500471133,BS WUXI PO No.: ,4500471133,,,,,,BRIDGESTONE WUXI TIRE,FULL CONTACT DETAIL OF TSL ,WITH TRADE RESISTRATION NO.,,,,,,,,,SHANGHAI CHINA,,"BRIDGESTONE (WUXI) TIRE CO.,LTD.",,,,,SAME AS CONSIGNEE,Please send Arrival Notice by e-mail to ,,,*FULL SET OF SURRENDERE B/L,*Don’t  need to send all original docs to BS WUXI directly by courier including 1 original COMMERCIAL CIF I/V(I/V between TSL and UEC),,,,,,,,,SHIPPING MARK,UBE Elastomer Co. Ltd.
,,,,THAI SYNTHETIC RUBBERS,UBE Elastomer Co. Ltd.,,,,,,,,,,,,,,,,,,,,,,,"No.67, XINMEI ROAD,WUXI NATIONAL HIGH-NEW",,,,,,Xiaoqi Ding (xiaoqi.ding@bridgestone.com),,,"* Pls mark BS material code ""TC30""ON ALL DOCS.",*Please send ALL docs by PDF copies by E-mail to UEC /NO need original courier to UEC also.,,,UBEPOL VCR412,20.16,MT,POLYBUTADIENE RUBBER ,,,,
,,,,"CO., LTD.",TEL:81-3-5419-6167,,,,,,,,,,,,,,,,,,,,,,,TECHNICAL INDUSTRIAL DEVELOPMENT,,,,,,Chen Huiyun(huiyun.chen@bridgestone.com),,,*3 ORIGINAL OF CERTIFICATE OF ANALYSIS & 1 ORIGINAL CoA TOGETHER WITH PRODUCT,,,,,,,TC30 / UBEPOL VCR412,,,"BRIDGESTONE (WUXI) TIRE CO.,LTD.",
,,,,,FAX:81-3-5419-6250,,,,,,,,,,,,,,,,,,,,,,,"ZONE, WUXI 214028, JIANGSU, CHINA",,,,,,,,,*3 ORIGINAL OF  NO WOOD PACKING OR IPPC CERT.,,,,,,,,,,ORDER NO.:4500471133,
,,,,,,,,,,,,,,,,,,,,,,,,,,,,FAX:86-0510-8532-2199,,,,,,,,,"* PACKING LIST MUST SHOW GROSS,TARE,AND NET WEIGHT",,,,,,,,,,TC30 (UBEPOL VCR412),
,,,,,,,,,,,,,,,,,,,,,,,,,,,,TEL:86-0510-8532-2288,,,,,,,,,"* BRIDGESTONE CODE OF  ""TC30""SHOULD BE MARKED ON ALL BAGS, DRUMS,CONTAINERS ",,,,,,,,,,C/S NO.1-16,
,,,,,,,,,,,,,,,,,,,,,,,,,,,,xiaoqi.ding@bridgestone.com,,,,,,,,,*PLEASE ISSUE FULL SET OF FORM-E WITH UBE INVOICE,,,,,,,,,,MADE IN THAILAND,
,,,,,,,,,,,,,,,,,,,,,,,,,,,,huiyun.chen@bridgestone.com,,,,,,,,,*TSL FOB CUSTOM I/V for Form-E ,,,,,,,,,,,
,,,,,,,,,,,,,,,,,,,,,,,,,,,,USCI:913202147462278772.,,,,,,,,,*No need to issue individual I/P,,,,,,,,,,,
,,,,,,,,,,,,,,,,,,,,,,,,,,,,,,,,,,,,,*Please send Arrival Notice by e-mail to Xiaoqi Ding (xiaoqi.ding@bridgestone.com),,,,,,,,,,,
,,,,,,,,,,,,,,,,,,,,,,,,,,,,,,,,,,,,,*CIF COMMERCIAL IV(BETWEEN TSL AND UEC) ,,,,,,,,,,,
,,,,,,,,,,,,,,,,,,,,,,,,,,,,,,,,,,,,,"*Please label BS code no."" TC30 or TC50 "" on each box.(4 side)",,,,,,,,,,,
,,,,,,,,,,,,,,,,,,,,,,,,,,,,,,,,,,,,,,,,,,,,,,,,
BRIDGESTONE,P.T. BRIDGESTONE TIRE INDONESIA,BSIN F2602-TSL-2.xlsx,,MR.FUJIOKA,Miyanami,,F2602-TSL-2,CO NUMBER:,F2602-TSL-2,,,,,,BS INDONESIA,INDONESIA,TSL ,,,,,,,,,"JAKARTA, INDONESIA",,PT. BRIDGESTONE TIRE INDONESIA,,,PT Bridgestone Tire Indonesia -  Karawang Plant,,"Kawasan Industri Surya Cipta Jl. Surya Utama Kav 8 – 13,","Kutamekar, Ciampel, Kab. Karawang, Jawa Barat, 41363",,,*please extend the free time as long as possible.,,,,UBEPOL BR150L,40.32,MT,SYNTHETIC RUBBER ,,,SHIPPING MARK,Ube Elastomer Co.Ltd.
,,,,THAI SYNTHETIC RUBBERS,UBE Elastomer Co.Ltd.,,,,,,,,,,,,,,,,,,,,,,,,,,"Kawasan Industri Surya Cipta Jl. Surya Utama Kav 8 – 13,",,,,,,* Surrenderd B/L(MASTER BL),,,,,,,,,,,
,,,,"CO., LTD.",,,,,,,,,,,,,,,,,,,,,,,,,,,"Kutamekar, Ciampel, Kab. Karawang, Jawa Barat, 41363",,,,,,* Pls mark  CO NUMBER: F2602-TSL-2 on all document,,,,,,,/ UBEPOL BR150L(TC50),,,BRIDGESTONE INDONESIA,
,,,,FAX:66-2-685-3056,TEL:81-3-5419-6167,,,,,,,,,,,,,,,,,,,,,,,,,,,,,NPWP No.(TAX ID No.) 0010 0011 8809 2000  ,,,"* 3 ORIGINAL OF CERTIFICATE OF ANALYSIS,  ",,,,,,,CO NUMBER :F2602-TSL-2,,,CO NUMBER :F2602-TSL-2,
,,,,,FAX:81-3-5419-6250,,,,,,,,,,,,,,,,,,,,,,,,,,Tel: (+62-267) 440 201 ,,,,,,"* PACKING LIST MUST SHOW GROSS,TARE,AND NET WEIGHT",,,,,,,,,,TC50/BR150L,
,,,,,,,,,,,,,,,,,,,,,,,,,,,,,,,Attn. Mr. Bayu Nasti ,,,,,,* Insurance Policy: *110%*CONTRACT PRICE,,,,,,,,,,C/NO.1-32,
,,,,,,,,,,,,,,,,,,,,,,,,,,,,,,,,,,,,,*PLEASE ISSUE THE FORM-D WITH UEC INVOICE,,,,,,,,,,MADE IN THAILAND,
,,,,,,,,,,,,,,,,,,,,,,,,,,,,,,,,,,,,,AND   Check ( ?) “Retroactively” is only if GAP the BL date and ,,,,,,,,,,,
,,,,,,,,,,,,,,,,,,,,,,,,,,,,,,,,,,,,, Form D date is more than 3 days.,,,,,,,,,,,
,,,,,,,,,,,,,,,,,,,,,,,,,,,,,,,,,,,,,Please kindly send to CONSIGNEE the announcement from shipping line if the BL already surrendered.,,,,,,,,,,,
,,,,,,,,,,,,,,,,,,,,,,,,,,,,,,,,,,,,,"*Please label BS code no."" TC50 "" on each box.(4 side)",,,,,,,,,,,
,,,,,,,,,,,,,,,,,,,,,,,,,,,,,,,,,,,,,*HS code DOC4002.20.1000 ON ALL DOCS.,,,,,,,,,,,
,,,,,,,,,,,,,,,,,,,,,,,,,,,,,,,,,,,,,*Pls send us all docs. PDF copy by e-mail as soon as you get all original docs.before courier,,,,,,,,,,,
,,,,,,,,,,,,,,,,,,,,,,,,,,,,,,,,,,,,,*Pls send all documents copy to UEC by email,,,,,,,,,,,
,,,,,,,,,,,,,,,,,,,,,,,,,,,,,,,,,,,,,  No need original courier.,,,,,,,,,,,
,,,,,,,,,,,,,,,,,,,,,,,,,,,,,,,,,,,,,*PLEASE ARRANGE THIS FREE TIME 21 DAYS COMBINED.,,,,,,,,,,,
,,,,,,,,,,,,,,,,,,,,,,,,,,,,,,,,,,,,,*PLEASE SHOW FREE TIME ON BL.,,,,,,,,,,,
,,,,,,,,,,,,,,,,,,,,,,,,,,,,,,,,,,,,,,,,,,,,,,,,
BRIDGESTONE,"BRIDGESTONE TAIWAN CO., LTD.",BSTW_200008199.xls,,MR.T. Fujioka /SEVP,KAWAMORI/UEDA,,200008199,BS TAIWAN PO NO.,200008199,,,,,,"BRIDGESTONE TAIWAN CO.,LTD.",TAIWAN,TSL ,,,,,,,,,KEELUNG TAIWAN,,"BRIDGESTONE TAIWAN CO.,LTD.",,,,,SAME AS CONSIGNEE,,,,*surrendered  B/L,*You don’t need to send all original docs. to BS TAIWAN(ABOVE ADDRESS) direclty by courier. << CHANGE!,,,UBEPOL VCR412,15.12,MT,SYNTHETIC RUBBER ,,,SHIPPING MARK,UBE Elastomer Co. Ltd.
,,,,THAI SYNTHETIC RUBBERS,UBE Elastomer Co. Ltd.,,,,,,,,,,"NO.1, CHUANG CHING ROAD,",,,,,,,,,,,,,"No.1-1, Wenhua RD., Hsinchu Industrial Park",,,,,,,,,*1 SET OF CoA,*Please send ALL docs. PDF copies by E-mail to UBE Tokyo/NO need original coueirer.,,,,,,TC30 UBEPOL  VCR412,,,,
,,,,"CO., LTD.",TEL:81-3-5419-6167,,,,,,,,,,"HSIN CHU IND.ZONE, TAIWAN.",,,,,,,,,,,,,"Hukou Township, Hsinchu County 30352, Taiwan",,,,,,,,,*1 SET OF MSDS,1.     Please label BS code no. TC30 or TC50 at front and both,,,,,,,,,"BSFC P,O. NO:200008199",
,,,,,FAX:81-3-5419-6250,,,,,,,,,,PHONE:886-35-981621,,,,,,,,,,,,,PHONE:866-3-598-1621,,,,,,,,,*PLEASE PUT THE NAME OF BSFC CODE NO.OF TC 30 or TC50 ON 4 sides of Metal box.,     sides of each your steel box.,,,,,,,,,,
,,,,,,,,,,,,,,,,,,,,,,,,,,,,Mavis Chou (Ms.),,,,,,,,,*PLEASE TAKE the picture of packing outward appearance of 200008199 before you export.,2.     Please make the figure size of BS code no. as following,,,,,,,,,,
,,,,,,,,,,,,,,,,,,,,,,,,,,,,mavis.chou@bridgestone.com,,,,,,,,,*General Insurance policy is accepted.,,,,,,,,,,VCR412/TC30,
,,,,,,,,,,,,,,,,,,,,,,,,,,,,,,,,,,,,,,,,,,,,,,,CASE NO.:1-12,
,,,,,,,,,,,,,,,,,,,,,,,,,,,,,,,,,,,,,,,,,,,,,,,"N/W  :  15,120KG",
,,,,,,,,,,,,,,,,,,,,,,,,,,,,,,,,,,,,,,,,,,,,,,,"G/W  :  16,707.6KG",
,,,,,,,,,,,,,,,,,,,,,,,,,,,,,,,,,,,,,,,,,,,,,,,"MAKER'S NAMETHAI SYNTHETIC RUBBERS CO, LTD",
,,,,,,,,,,,,,,,,,,,,,,,,,,,,,,,,,,,,,,,,,,,,,,,COUTRY OF ORIGIN:THAILAND,
,,,,,,,,,,,,,,,,,,,,,,,,,,,,,,,,,,,,,,,,,,,,,,,,
BRIDGESTONE,"BRIDGESTONE DE MEXICO, S.A. DE C.V.",PO 4200036311 BS MEXICO Doc.xls,,T.FUJIOKA/SEVP,W. MIYANAMI,,4200036311,,,,,,,,BS MEXICO,MEXICO,TSL WITH FULL ADDRESS,,,,,,,,MANZANILLO MEXICO,MANZANILLO MEXICO,,Bridgestone de México S.A. de C.V.,,21 days COMBINED DET AND DEM,,,SAME AS CCONSIGNEE,,,,*Full set SEA WAY BILL REQUIRED,*Please send all original docs. to BSMX direclty except CIF COMMERCIAL IV (between UEC and TSL) by courier.,,,UBEPOL VCR412,20.16,MT,POLYBUTADIEN RUBBER,,,SHIPPING MARK,UBE Elastomer Co. Ltd.
,,,,"THAI SYNTHETIC RUBBERS CO., LTD.",UBE Elastomer Co. Ltd.,,,,,,,,,,,,,,,,,,,,,,,"Juan Vazquez de Mella 481 4°piso - Col Los Morales, Polanco",,,,,,,,,*PLS show the following words on all docs.on all DOCs.,*Please send ALL docs. PDF copies by E-mail to UBE Tokyo/NO need original courier to us.,,,,,,,,,"Bridgestone Mexico,",
,,,,FAX:66-2-685-3056,TEL:81-3-5419-6167,,,,,,,,,,,,,,,,,,,,,,,Tel. (52 55) 5626-6600,,,,,,,,,"""TC030"" ""UBE Elastomer Co. Ltd."" ",,,,,,,,,,SHIP TO :MEXICO,
,,,,,FAX:81-3-5419-6250,,,,,,,,,,,,,,,,,,,,,,,RFC: BFM910826TW6,,,,,,,,,*CERTIFICATE OF ANALYSIS including SPECIFICATION AND QUALITY RANGE,,,,,,,,,,ORDER NO.:4200036311,
,,,,,,,,,,,,,,,,,,,,,,,,,,,,ATTN:Nathalia Zonzini,,,,,,,,,*CERTIFICATE OF ORIGIN BY TSL MANUFACTURE AND SHOW HS CODE 4002.20.01,,,,,,,,,,ITEM CODE: TC030,
,,,,,,,,,,,,,,,,,,,,,,,,,,,,,,,,,,,,,*Box IV of GPS ($50/box),,,,,,,,,,MADE IN THAILAND,
,,,,,,,,,,,,,,,,,,,,,,,,,,,,,,,,,,,,,*21 DAYS FREE TIME ( WE CONFIRMED THIS),,,,,,,,,,PRODUCER:THAI SYNTHETIC RUBBER,
,,,,,,,,,,,,,,,,,,,,,,,,,,,,,,,,,,,,,*FULL SET OF I/P WITH COVERING ALL RISK,,,,,,,,,,,
